device_id,time,distance,noise
833,2025-02-15 00:01:23,408.0,False
833,2025-02-15 00:06:23,406.0,False
833,2025-02-15 00:11:23,404.0,False
833,2025-02-15 00:23:47,400.0,False
833,2025-02-15 00:28:47,398.0,False
833,2025-02-15 00:33:48,396.0,False
833,2025-02-15 00:38:48,398.0,False
833,2025-02-15 00:43:48,398.0,False
833,2025-02-15 00:48:48,392.0,False
833,2025-02-15 00:59:16,388.0,False
833,2025-02-15 01:13:45,384.0,False
833,2025-02-15 01:24:35,382.0,False
833,2025-02-15 01:29:35,384.0,False
833,2025-02-15 01:34:35,376.0,False
833,2025-02-15 01:39:35,386.0,False
833,2025-02-15 01:44:36,384.0,False
833,2025-02-15 01:49:36,372.0,False
833,2025-02-15 01:54:36,372.0,False
833,2025-02-15 01:59:38,370.0,False
833,2025-02-15 02:04:36,368.0,False
833,2025-02-15 02:09:37,366.0,False
833,2025-02-15 02:14:37,366.0,False
833,2025-02-15 02:19:37,364.0,False
833,2025-02-15 02:24:37,362.0,False
833,2025-02-15 02:29:38,366.0,False
833,2025-02-15 02:34:38,362.0,False
833,2025-02-15 02:39:38,374.0,False
833,2025-02-15 02:44:38,358.0,False
833,2025-02-15 02:49:39,364.0,False
833,2025-02-15 02:54:39,364.0,False
833,2025-02-15 02:59:39,364.0,False
833,2025-02-15 03:04:39,360.0,False
833,2025-02-15 03:09:40,366.0,False
833,2025-02-15 03:14:40,382.0,False
833,2025-02-15 03:19:40,378.0,False
833,2025-02-15 03:24:40,384.0,False
833,2025-02-15 03:29:41,394.0,False
833,2025-02-15 03:34:41,398.0,False
833,2025-02-15 03:39:41,410.0,False
833,2025-02-15 03:44:41,412.0,False
833,2025-02-15 03:49:41,420.0,False
833,2025-02-15 04:01:07,436.0,False
833,2025-02-15 04:06:07,438.0,False
833,2025-02-15 04:11:07,436.0,False
833,2025-02-15 04:23:15,428.0,False
833,2025-02-15 04:28:15,430.0,False
833,2025-02-15 04:33:15,424.0,False
833,2025-02-15 04:38:15,426.0,False
833,2025-02-15 04:43:16,422.0,False
833,2025-02-15 04:48:16,422.0,False
833,2025-02-15 04:53:16,420.0,False
833,2025-02-15 04:58:16,420.0,False
833,2025-02-15 05:03:16,412.0,False
833,2025-02-15 05:08:16,416.0,False
833,2025-02-15 05:28:40,404.0,False
833,2025-02-15 05:33:41,402.0,False
833,2025-02-15 05:38:41,402.0,False
833,2025-02-15 05:43:41,398.0,False
833,2025-02-15 05:48:42,396.0,False
833,2025-02-15 05:53:42,392.0,False
833,2025-02-15 05:58:41,392.0,False
833,2025-02-15 06:03:42,386.0,False
833,2025-02-15 06:08:42,382.0,False
833,2025-02-15 06:13:42,384.0,False
833,2025-02-15 06:18:42,386.0,False
833,2025-02-15 06:23:42,378.0,False
833,2025-02-15 06:28:42,380.0,False
833,2025-02-15 06:33:42,378.0,False
833,2025-02-15 06:38:43,372.0,False
833,2025-02-15 06:43:43,380.0,False
833,2025-02-15 06:48:44,368.0,False
833,2025-02-15 06:53:43,366.0,False
833,2025-02-15 06:58:43,364.0,False
833,2025-02-15 07:03:43,366.0,False
833,2025-02-15 07:08:43,368.0,False
833,2025-02-15 07:13:44,380.0,False
833,2025-02-15 07:18:43,360.0,False
833,2025-02-15 07:23:43,360.0,False
833,2025-02-15 07:28:44,366.0,False
833,2025-02-15 07:33:44,354.0,False
833,2025-02-15 07:38:44,364.0,False
833,2025-02-15 07:43:44,352.0,False
833,2025-02-15 07:48:45,348.0,False
833,2025-02-15 07:53:45,342.0,False
833,2025-02-15 07:58:45,348.0,False
833,2025-02-15 08:03:45,334.0,False
833,2025-02-15 08:08:47,334.0,False
833,2025-02-15 08:13:45,326.0,False
833,2025-02-15 08:18:45,330.0,False
833,2025-02-15 08:23:45,326.0,False
833,2025-02-15 08:28:46,320.0,False
833,2025-02-15 08:33:46,316.0,False
833,2025-02-15 08:38:46,314.0,False
833,2025-02-15 08:43:46,314.0,False
833,2025-02-15 08:48:46,312.0,False
833,2025-02-15 08:53:47,308.0,False
833,2025-02-15 08:58:47,304.0,False
833,2025-02-15 09:11:53,292.0,False
833,2025-02-15 09:16:53,288.0,False
833,2025-02-15 09:21:53,284.0,False
833,2025-02-15 09:26:53,276.0,False
833,2025-02-15 09:31:54,276.0,False
833,2025-02-15 09:36:54,276.0,False
833,2025-02-15 09:41:54,268.0,False
833,2025-02-15 09:46:54,260.0,False
833,2025-02-15 09:51:54,260.0,False
833,2025-02-15 10:06:09,250.0,False
833,2025-02-15 10:11:09,242.0,False
833,2025-02-15 10:16:09,240.0,False
833,2025-02-15 10:21:09,234.0,False
833,2025-02-15 10:26:10,224.0,False
833,2025-02-15 10:31:10,222.0,False
833,2025-02-15 10:36:10,214.0,False
833,2025-02-15 10:51:06,206.0,False
833,2025-02-15 10:56:06,205.0,False
833,2025-02-15 11:01:06,205.0,False
833,2025-02-15 11:06:06,205.0,False
833,2025-02-15 11:11:07,205.0,False
833,2025-02-15 11:16:07,212.0,False
833,2025-02-15 11:26:37,220.0,False
833,2025-02-15 11:31:37,228.0,False
833,2025-02-15 11:36:37,230.0,False
833,2025-02-15 11:41:37,240.0,False
833,2025-02-15 11:46:38,242.0,False
833,2025-02-15 11:51:38,248.0,False
833,2025-02-15 11:56:38,254.0,False
833,2025-02-15 12:01:38,260.0,False
833,2025-02-15 12:06:38,264.0,False
833,2025-02-15 12:11:39,266.0,False
833,2025-02-15 12:16:39,262.0,False
833,2025-02-15 12:21:39,262.0,False
833,2025-02-15 12:26:39,258.0,False
833,2025-02-15 12:31:39,256.0,False
833,2025-02-15 12:36:40,254.0,False
833,2025-02-15 12:41:40,250.0,False
833,2025-02-15 12:52:08,242.0,False
833,2025-02-15 12:57:14,238.0,False
833,2025-02-15 13:02:08,234.0,False
833,2025-02-15 13:07:08,230.0,False
833,2025-02-15 13:12:09,226.0,False
833,2025-02-15 13:17:09,226.0,False
833,2025-02-15 13:22:09,220.0,False
833,2025-02-15 13:27:09,218.0,False
833,2025-02-15 13:32:09,214.0,False
833,2025-02-15 13:37:09,214.0,False
833,2025-02-15 13:42:10,210.0,False
833,2025-02-15 13:47:10,205.0,False
833,2025-02-15 13:52:10,214.0,False
833,2025-02-15 13:57:10,218.0,False
833,2025-02-15 14:02:10,224.0,False
833,2025-02-15 14:07:10,230.0,False
833,2025-02-15 14:12:12,238.0,False
833,2025-02-15 14:17:11,244.0,False
833,2025-02-15 14:29:05,260.0,False
833,2025-02-15 14:34:05,264.0,False
833,2025-02-15 14:39:05,270.0,False
833,2025-02-15 14:44:05,276.0,False
833,2025-02-15 14:49:05,284.0,False
833,2025-02-15 14:54:06,288.0,False
833,2025-02-15 14:59:06,294.0,False
833,2025-02-15 15:04:06,302.0,False
833,2025-02-15 15:09:07,306.0,False
833,2025-02-15 15:14:07,312.0,False
833,2025-02-15 15:19:07,324.0,False
833,2025-02-15 15:24:07,326.0,False
833,2025-02-15 15:29:07,330.0,False
833,2025-02-15 15:34:08,322.0,False
833,2025-02-15 15:39:08,324.0,False
833,2025-02-15 15:44:09,330.0,False
833,2025-02-15 15:49:09,312.0,False
833,2025-02-15 15:54:09,314.0,False
833,2025-02-15 15:59:09,310.0,False
833,2025-02-15 16:04:10,308.0,False
833,2025-02-15 16:09:10,302.0,False
833,2025-02-15 16:14:10,300.0,False
833,2025-02-15 16:29:00,292.0,False
833,2025-02-15 16:34:00,290.0,False
833,2025-02-15 16:39:00,290.0,False
833,2025-02-15 16:44:00,290.0,False
833,2025-02-15 16:49:00,282.0,False
833,2025-02-15 16:54:01,282.0,False
833,2025-02-15 16:59:01,276.0,False
833,2025-02-15 17:04:03,276.0,False
833,2025-02-15 17:09:01,278.0,False
833,2025-02-15 17:14:02,272.0,False
833,2025-02-15 17:19:02,270.0,False
833,2025-02-15 17:38:56,264.0,False
833,2025-02-15 17:43:56,260.0,False
833,2025-02-15 17:48:56,258.0,False
833,2025-02-15 17:53:56,256.0,False
833,2025-02-15 17:58:57,254.0,False
833,2025-02-15 18:12:01,266.0,False
833,2025-02-15 18:24:56,286.0,False
833,2025-02-15 18:29:57,294.0,False
833,2025-02-15 18:34:57,296.0,False
833,2025-02-15 18:39:57,304.0,False
833,2025-02-15 18:44:58,312.0,False
833,2025-02-15 18:49:58,328.0,False
833,2025-02-15 18:54:58,330.0,False
833,2025-02-15 18:59:58,344.0,False
833,2025-02-15 19:04:59,346.0,False
833,2025-02-15 19:10:00,364.0,False
833,2025-02-15 19:15:00,362.0,False
833,2025-02-15 19:20:00,364.0,False
833,2025-02-15 19:25:00,376.0,False
833,2025-02-15 19:30:00,374.0,False
833,2025-02-15 19:35:01,374.0,False
833,2025-02-15 19:47:00,360.0,False
833,2025-02-15 19:52:00,360.0,False
833,2025-02-15 19:57:01,358.0,False
833,2025-02-15 20:02:01,358.0,False
833,2025-02-15 20:07:00,358.0,False
833,2025-02-15 20:12:01,376.0,False
833,2025-02-15 20:17:01,360.0,False
833,2025-02-15 20:31:24,362.0,False
833,2025-02-15 20:36:24,366.0,False
833,2025-02-15 20:41:24,352.0,False
833,2025-02-15 20:46:25,368.0,False
833,2025-02-15 20:51:25,364.0,False
833,2025-02-15 21:01:34,358.0,False
833,2025-02-15 21:06:35,356.0,False
833,2025-02-15 21:11:35,356.0,False
833,2025-02-15 21:16:36,350.0,False
833,2025-02-15 21:21:36,350.0,False
833,2025-02-15 21:26:36,350.0,False
833,2025-02-15 21:31:36,348.0,False
833,2025-02-15 21:46:33,346.0,False
833,2025-02-15 21:58:50,344.0,False
833,2025-02-15 22:03:57,344.0,False
833,2025-02-15 22:08:55,344.0,False
833,2025-02-15 22:13:57,348.0,False
833,2025-02-15 22:18:57,346.0,False
833,2025-02-15 22:23:58,346.0,False
833,2025-02-15 22:35:43,350.0,False
833,2025-02-15 22:40:43,354.0,False
833,2025-02-15 22:51:19,358.0,False
833,2025-02-15 22:56:19,344.0,False
833,2025-02-15 23:01:19,368.0,False
833,2025-02-15 23:06:20,358.0,False
833,2025-02-15 23:11:21,364.0,False
833,2025-02-15 23:22:49,382.0,False
833,2025-02-15 23:27:49,392.0,False
833,2025-02-15 23:32:49,400.0,False
833,2025-02-15 23:37:49,408.0,False
833,2025-02-15 23:42:49,420.0,False
833,2025-02-16 00:03:31,454.0,False
833,2025-02-16 00:08:31,458.0,False
833,2025-02-16 00:13:31,458.0,False
833,2025-02-16 00:18:31,458.0,False
833,2025-02-16 00:23:32,458.0,False
833,2025-02-16 00:28:32,456.0,False
833,2025-02-16 00:33:32,456.0,False
833,2025-02-16 00:38:32,456.0,False
833,2025-02-16 00:43:32,456.0,False
833,2025-02-16 00:48:33,456.0,False
833,2025-02-16 00:53:33,456.0,False
833,2025-02-16 00:58:33,454.0,False
833,2025-02-16 01:08:41,454.0,False
833,2025-02-16 01:13:41,454.0,False
833,2025-02-16 01:18:41,450.0,False
833,2025-02-16 01:23:41,454.0,False
833,2025-02-16 01:28:42,450.0,False
833,2025-02-16 01:33:42,450.0,False
833,2025-02-16 01:38:42,448.0,False
833,2025-02-16 01:43:42,448.0,False
833,2025-02-16 01:48:43,448.0,False
833,2025-02-16 01:53:43,448.0,False
833,2025-02-16 01:58:43,448.0,False
833,2025-02-16 02:03:43,448.0,False
833,2025-02-16 02:08:43,446.0,False
833,2025-02-16 02:13:43,446.0,False
833,2025-02-16 02:18:44,446.0,False
833,2025-02-16 02:23:44,446.0,False
833,2025-02-16 02:28:44,446.0,False
833,2025-02-16 02:33:44,444.0,False
833,2025-02-16 02:38:44,444.0,False
833,2025-02-16 02:43:44,444.0,False
833,2025-02-16 02:48:45,444.0,False
833,2025-02-16 02:53:45,444.0,False
833,2025-02-16 02:58:45,442.0,False
833,2025-02-16 03:03:45,442.0,False
833,2025-02-16 03:08:45,442.0,False
833,2025-02-16 03:13:45,442.0,False
833,2025-02-16 03:18:47,440.0,False
833,2025-02-16 03:23:46,440.0,False
833,2025-02-16 03:28:46,440.0,False
833,2025-02-16 03:33:46,440.0,False
833,2025-02-16 03:38:47,440.0,False
833,2025-02-16 03:43:47,438.0,False
833,2025-02-16 03:48:47,438.0,False
833,2025-02-16 03:53:47,438.0,False
833,2025-02-16 04:07:51,436.0,False
833,2025-02-16 04:12:51,436.0,False
833,2025-02-16 04:17:52,440.0,False
833,2025-02-16 04:22:52,454.0,False
833,2025-02-16 04:27:52,458.0,False
833,2025-02-16 04:32:52,466.0,False
833,2025-02-16 04:37:52,478.0,False
833,2025-02-16 04:42:52,486.0,False
833,2025-02-16 04:47:53,496.0,False
833,2025-02-16 05:01:53,528.0,False
833,2025-02-16 05:16:01,542.0,False
833,2025-02-16 05:21:01,540.0,False
833,2025-02-16 05:26:02,540.0,False
833,2025-02-16 05:31:01,536.0,False
833,2025-02-16 05:36:01,540.0,False
833,2025-02-16 05:41:01,540.0,False
833,2025-02-16 05:46:01,538.0,False
833,2025-02-16 05:51:02,538.0,False
833,2025-02-16 06:03:21,536.0,False
833,2025-02-16 06:08:21,536.0,False
833,2025-02-16 06:23:21,532.0,False
833,2025-02-16 06:28:22,530.0,False
833,2025-02-16 06:33:21,538.0,False
833,2025-02-16 06:38:21,534.0,False
833,2025-02-16 06:43:21,534.0,False
833,2025-02-16 06:53:37,532.0,False
833,2025-02-16 07:03:40,526.0,False
833,2025-02-16 07:14:08,530.0,False
833,2025-02-16 07:19:09,526.0,False
833,2025-02-16 07:24:09,524.0,False
833,2025-02-16 07:29:10,524.0,False
833,2025-02-16 07:34:09,522.0,False
833,2025-02-16 07:39:09,522.0,False
833,2025-02-16 07:44:10,522.0,False
833,2025-02-16 07:49:10,524.0,False
833,2025-02-16 07:54:10,520.0,False
833,2025-02-16 07:59:10,520.0,False
833,2025-02-16 08:04:10,522.0,False
833,2025-02-16 08:09:11,522.0,False
833,2025-02-16 08:14:11,520.0,False
833,2025-02-16 08:19:11,520.0,False
833,2025-02-16 08:24:11,520.0,False
833,2025-02-16 08:38:57,518.0,False
833,2025-02-16 08:43:57,518.0,False
833,2025-02-16 08:48:57,516.0,False
833,2025-02-16 08:53:57,516.0,False
833,2025-02-16 09:08:50,514.0,False
833,2025-02-16 09:13:50,518.0,False
833,2025-02-16 09:18:50,516.0,False
833,2025-02-16 09:23:50,516.0,False
833,2025-02-16 09:28:51,514.0,False
833,2025-02-16 09:33:51,516.0,False
833,2025-02-16 09:38:51,512.0,False
833,2025-02-16 09:43:51,510.0,False
833,2025-02-16 09:48:51,508.0,False
833,2025-02-16 09:53:52,506.0,False
833,2025-02-16 09:58:52,500.0,False
833,2025-02-16 10:09:38,498.0,False
833,2025-02-16 10:14:37,496.0,False
833,2025-02-16 10:28:46,494.0,False
833,2025-02-16 10:33:47,498.0,False
833,2025-02-16 10:38:47,492.0,False
833,2025-02-16 10:43:47,494.0,False
833,2025-02-16 10:48:47,494.0,False
833,2025-02-16 10:53:47,502.0,False
833,2025-02-16 10:58:48,512.0,False
833,2025-02-16 11:03:48,520.0,False
833,2025-02-16 11:08:48,526.0,False
833,2025-02-16 11:13:49,530.0,False
833,2025-02-16 11:18:48,540.0,False
833,2025-02-16 11:23:48,554.0,False
833,2025-02-16 11:28:49,562.0,False
833,2025-02-16 11:41:50,596.0,False
833,2025-02-16 11:46:49,606.0,False
833,2025-02-16 11:51:50,588.0,False
833,2025-02-16 11:56:50,586.0,False
833,2025-02-16 12:01:50,584.0,False
833,2025-02-16 12:06:50,582.0,False
833,2025-02-16 12:11:50,590.0,False
833,2025-02-16 12:16:51,592.0,False
833,2025-02-16 12:29:26,606.0,False
833,2025-02-16 12:34:27,590.0,False
833,2025-02-16 12:39:26,582.0,False
833,2025-02-16 12:44:27,584.0,False
833,2025-02-16 12:49:27,584.0,False
833,2025-02-16 12:54:27,594.0,False
833,2025-02-16 12:59:28,594.0,False
833,2025-02-16 13:04:28,592.0,False
833,2025-02-16 13:09:29,582.0,False
833,2025-02-16 13:14:28,574.0,False
833,2025-02-16 13:19:28,572.0,False
833,2025-02-16 13:32:33,552.0,False
833,2025-02-16 13:37:33,552.0,False
833,2025-02-16 13:42:33,552.0,False
833,2025-02-16 13:47:33,546.0,False
833,2025-02-16 13:52:34,538.0,False
833,2025-02-16 13:57:34,532.0,False
833,2025-02-16 14:02:35,528.0,False
833,2025-02-16 14:13:50,518.0,False
833,2025-02-16 14:25:49,522.0,False
833,2025-02-16 14:30:50,526.0,False
833,2025-02-16 14:35:50,534.0,False
833,2025-02-16 14:40:50,540.0,False
833,2025-02-16 14:45:51,540.0,False
833,2025-02-16 14:50:51,540.0,False
833,2025-02-16 14:55:51,540.0,False
833,2025-02-16 15:00:51,554.0,False
833,2025-02-16 15:05:52,558.0,False
833,2025-02-16 15:10:52,566.0,False
833,2025-02-16 15:15:52,574.0,False
833,2025-02-16 15:20:52,578.0,False
833,2025-02-16 15:25:53,586.0,False
833,2025-02-16 15:30:53,590.0,False
833,2025-02-16 15:35:54,590.0,False
833,2025-02-16 15:40:54,594.0,False
833,2025-02-16 15:45:54,598.0,False
833,2025-02-16 15:50:54,598.0,False
833,2025-02-16 15:55:55,590.0,False
833,2025-02-16 16:00:55,588.0,False
833,2025-02-16 16:05:56,584.0,False
833,2025-02-16 16:10:56,588.0,False
833,2025-02-16 16:15:57,588.0,False
833,2025-02-16 16:29:59,602.0,False
833,2025-02-16 16:34:59,602.0,False
833,2025-02-16 16:40:01,592.0,False
833,2025-02-16 16:45:00,592.0,False
833,2025-02-16 16:50:00,582.0,False
833,2025-02-16 16:55:01,574.0,False
833,2025-02-16 17:00:01,572.0,False
833,2025-02-16 17:05:01,570.0,False
833,2025-02-16 17:10:01,560.0,False
833,2025-02-16 17:15:02,552.0,False
833,2025-02-16 17:28:18,544.0,False
833,2025-02-16 17:33:18,542.0,False
833,2025-02-16 17:38:18,534.0,False
833,2025-02-16 17:43:19,528.0,False
833,2025-02-16 17:48:19,524.0,False
833,2025-02-16 17:53:19,520.0,False
833,2025-02-16 17:58:19,520.0,False
833,2025-02-16 18:03:19,506.0,False
833,2025-02-16 18:08:19,502.0,False
833,2025-02-16 18:13:20,496.0,False
833,2025-02-16 18:18:20,488.0,False
833,2025-02-16 18:23:20,484.0,False
833,2025-02-16 18:28:21,478.0,False
833,2025-02-16 18:40:15,468.0,False
833,2025-02-16 18:45:15,458.0,False
833,2025-02-16 18:50:16,454.0,False
833,2025-02-16 18:55:16,458.0,False
833,2025-02-16 19:00:16,454.0,False
833,2025-02-16 19:05:16,462.0,False
833,2025-02-16 19:10:16,472.0,False
833,2025-02-16 19:22:19,478.0,False
833,2025-02-16 19:27:19,482.0,False
833,2025-02-16 19:32:19,482.0,False
833,2025-02-16 19:37:20,492.0,False
833,2025-02-16 19:42:20,496.0,False
833,2025-02-16 19:47:20,504.0,False
833,2025-02-16 19:52:21,508.0,False
833,2025-02-16 19:57:21,512.0,False
833,2025-02-16 20:11:01,508.0,False
833,2025-02-16 20:16:01,500.0,False
833,2025-02-16 20:21:02,496.0,False
833,2025-02-16 20:25:55,494.0,False
833,2025-02-16 20:26:29,494.0,False
833,2025-02-16 20:31:01,490.0,False
833,2025-02-16 20:36:02,486.0,False
833,2025-02-16 20:41:02,486.0,False
833,2025-02-16 20:46:02,484.0,False
833,2025-02-16 20:51:03,476.0,False
833,2025-02-16 20:56:03,466.0,False
833,2025-02-16 21:01:03,458.0,False
833,2025-02-16 21:06:03,454.0,False
833,2025-02-16 21:11:03,454.0,False
833,2025-02-16 21:16:04,458.0,False
833,2025-02-16 21:21:04,452.0,False
833,2025-02-16 21:26:04,438.0,False
833,2025-02-16 21:31:06,430.0,False
833,2025-02-16 21:36:05,430.0,False
833,2025-02-16 21:54:12,418.0,False
833,2025-02-16 22:04:15,414.0,False
833,2025-02-16 22:09:15,414.0,False
833,2025-02-16 22:14:15,414.0,False
833,2025-02-16 22:19:15,410.0,False
833,2025-02-16 22:24:17,410.0,False
833,2025-02-16 22:29:16,410.0,False
833,2025-02-16 22:34:53,408.0,False
833,2025-02-16 22:39:10,408.0,False
833,2025-02-16 22:44:11,408.0,False
833,2025-02-16 22:49:17,408.0,False
833,2025-02-16 22:54:17,408.0,False
833,2025-02-16 22:59:17,412.0,False
833,2025-02-16 23:04:17,420.0,False
833,2025-02-16 23:09:17,426.0,False
833,2025-02-16 23:14:18,438.0,False
833,2025-02-16 23:19:18,444.0,False
833,2025-02-16 23:24:18,452.0,False
833,2025-02-16 23:29:18,464.0,False
833,2025-02-16 23:34:19,464.0,False
833,2025-02-16 23:39:18,474.0,False
833,2025-02-16 23:44:19,488.0,False
833,2025-02-16 23:49:19,496.0,False
833,2025-02-16 23:54:19,510.0,False
833,2025-02-16 23:59:19,522.0,False
833,2025-02-17 00:04:19,526.0,False
833,2025-02-17 00:09:19,534.0,False
833,2025-02-17 00:14:19,540.0,False
833,2025-02-17 00:29:47,540.0,False
833,2025-02-17 00:34:47,540.0,False
833,2025-02-17 00:39:47,540.0,False
833,2025-02-17 00:44:47,540.0,False
833,2025-02-17 00:49:48,544.0,False
833,2025-02-17 00:54:48,538.0,False
833,2025-02-17 00:59:48,538.0,False
833,2025-02-17 01:04:49,538.0,False
833,2025-02-17 01:09:49,538.0,False
833,2025-02-17 01:21:26,540.0,False
833,2025-02-17 01:26:26,540.0,False
833,2025-02-17 01:39:53,540.0,False
833,2025-02-17 01:44:54,540.0,False
833,2025-02-17 01:49:55,540.0,False
833,2025-02-17 01:54:54,534.0,False
833,2025-02-17 01:59:54,538.0,False
833,2025-02-17 02:04:54,538.0,False
833,2025-02-17 02:09:55,534.0,False
833,2025-02-17 02:14:55,534.0,False
833,2025-02-17 02:19:55,538.0,False
833,2025-02-17 02:24:55,534.0,False
833,2025-02-17 02:29:55,534.0,False
833,2025-02-17 02:34:55,538.0,False
833,2025-02-17 02:39:56,536.0,False
833,2025-02-17 02:44:56,536.0,False
833,2025-02-17 02:49:57,536.0,False
833,2025-02-17 02:54:56,536.0,False
833,2025-02-17 02:59:56,536.0,False
833,2025-02-17 03:04:56,536.0,False
833,2025-02-17 03:09:57,536.0,False
833,2025-02-17 03:14:57,536.0,False
833,2025-02-17 03:19:57,536.0,False
833,2025-02-17 03:24:57,532.0,False
833,2025-02-17 03:30:03,530.0,False
833,2025-02-17 03:35:01,530.0,False
833,2025-02-17 03:39:58,534.0,False
833,2025-02-17 03:44:58,534.0,False
833,2025-02-17 03:49:59,530.0,False
833,2025-02-17 03:54:58,530.0,False
833,2025-02-17 03:59:58,530.0,False
833,2025-02-17 04:04:58,534.0,False
833,2025-02-17 04:09:59,534.0,False
833,2025-02-17 04:14:59,532.0,False
833,2025-02-17 04:26:12,532.0,False
833,2025-02-17 04:31:12,532.0,False
833,2025-02-17 04:36:12,532.0,False
833,2025-02-17 04:41:12,532.0,False
833,2025-02-17 04:46:13,532.0,False
833,2025-02-17 04:51:13,528.0,False
833,2025-02-17 04:56:13,528.0,False
833,2025-02-17 05:31:24,526.0,False
833,2025-02-17 05:45:50,556.0,False
833,2025-02-17 05:59:27,596.0,False
833,2025-02-17 06:04:27,600.0,False
833,2025-02-17 06:27:47,592.0,False
833,2025-02-17 06:32:48,592.0,False
833,2025-02-17 06:37:47,588.0,False
833,2025-02-17 06:42:48,586.0,False
833,2025-02-17 06:47:48,586.0,False
833,2025-02-17 06:58:26,582.0,False
833,2025-02-17 07:03:26,596.0,False
833,2025-02-17 07:08:26,596.0,False
833,2025-02-17 07:20:19,572.0,False
833,2025-02-17 07:25:19,572.0,False
833,2025-02-17 07:30:19,572.0,False
833,2025-02-17 07:35:20,560.0,False
833,2025-02-17 07:47:05,546.0,False
833,2025-02-17 07:58:24,540.0,False
833,2025-02-17 08:03:24,534.0,False
833,2025-02-17 08:08:24,526.0,False
833,2025-02-17 08:13:24,518.0,False
833,2025-02-17 08:18:24,518.0,False
833,2025-02-17 08:30:34,506.0,False
833,2025-02-17 08:35:34,498.0,False
833,2025-02-17 08:40:34,494.0,False
833,2025-02-17 08:45:34,490.0,False
833,2025-02-17 08:57:06,478.0,False
833,2025-02-17 09:02:06,474.0,False
833,2025-02-17 09:07:06,466.0,False
833,2025-02-17 09:12:06,462.0,False
833,2025-02-17 09:31:53,448.0,False
833,2025-02-17 09:36:54,438.0,False
833,2025-02-17 09:41:54,430.0,False
833,2025-02-17 09:46:54,434.0,False
833,2025-02-17 09:51:54,454.0,False
833,2025-02-17 09:56:54,442.0,False
833,2025-02-17 10:01:54,444.0,False
833,2025-02-17 10:06:55,450.0,False
833,2025-02-17 10:11:55,462.0,False
833,2025-02-17 10:16:55,470.0,False
833,2025-02-17 10:21:55,476.0,False
833,2025-02-17 10:26:55,488.0,False
833,2025-02-17 10:31:55,462.0,False
833,2025-02-17 10:36:55,464.0,False
833,2025-02-17 10:41:55,472.0,False
833,2025-02-17 10:46:55,476.0,False
833,2025-02-17 10:51:56,466.0,False
833,2025-02-17 10:56:56,478.0,False
833,2025-02-17 11:01:56,472.0,False
833,2025-02-17 11:06:56,472.0,False
833,2025-02-17 11:11:56,478.0,False
833,2025-02-17 11:16:56,480.0,False
833,2025-02-17 11:21:56,486.0,False
833,2025-02-17 11:26:56,488.0,False
833,2025-02-17 11:31:57,484.0,False
833,2025-02-17 11:36:57,486.0,False
833,2025-02-17 11:41:57,500.0,False
833,2025-02-17 11:46:57,490.0,False
833,2025-02-17 11:51:57,482.0,False
833,2025-02-17 11:56:57,490.0,False
833,2025-02-17 12:01:58,488.0,False
833,2025-02-17 12:06:58,492.0,False
833,2025-02-17 12:11:58,490.0,False
833,2025-02-17 12:16:58,494.0,False
833,2025-02-17 12:31:20,496.0,False
833,2025-02-17 12:36:20,510.0,False
833,2025-02-17 12:41:20,506.0,False
833,2025-02-17 12:46:20,506.0,False
833,2025-02-17 12:57:58,512.0,False
833,2025-02-17 13:02:59,514.0,False
833,2025-02-17 13:07:59,516.0,False
833,2025-02-17 13:12:59,518.0,False
833,2025-02-17 13:17:59,526.0,False
833,2025-02-17 13:22:59,530.0,False
833,2025-02-17 13:27:59,528.0,False
833,2025-02-17 13:33:00,532.0,False
833,2025-02-17 13:38:00,530.0,False
833,2025-02-17 13:43:00,546.0,False
833,2025-02-17 13:48:00,550.0,False
833,2025-02-17 13:53:00,560.0,False
833,2025-02-17 13:58:00,564.0,False
833,2025-02-17 14:03:00,568.0,False
833,2025-02-17 14:08:01,566.0,False
833,2025-02-17 14:13:00,566.0,False
833,2025-02-17 14:18:01,568.0,False
833,2025-02-17 14:23:01,570.0,False
833,2025-02-17 14:28:01,570.0,False
833,2025-02-17 14:39:12,588.0,False
833,2025-02-17 14:44:13,596.0,False
833,2025-02-17 14:49:13,592.0,False
833,2025-02-17 14:54:13,608.0,False
833,2025-02-17 14:59:13,588.0,False
833,2025-02-17 15:04:14,596.0,False
833,2025-02-17 15:16:15,586.0,False
833,2025-02-17 15:21:16,588.0,False
833,2025-02-17 15:26:10,592.0,False
833,2025-02-17 15:31:16,598.0,False
833,2025-02-17 15:36:16,604.0,False
833,2025-02-17 15:49:21,602.0,False
833,2025-02-17 15:54:22,590.0,False
833,2025-02-17 15:59:22,586.0,False
833,2025-02-17 16:04:22,586.0,False
833,2025-02-17 16:09:23,606.0,False
833,2025-02-17 16:20:51,594.0,False
833,2025-02-17 16:25:52,592.0,False
833,2025-02-17 16:30:52,574.0,False
833,2025-02-17 16:35:52,582.0,False
833,2025-02-17 16:40:52,582.0,False
833,2025-02-17 16:45:53,572.0,False
833,2025-02-17 16:50:53,564.0,False
833,2025-02-17 16:55:53,562.0,False
833,2025-02-17 17:00:54,556.0,False
833,2025-02-17 17:05:54,548.0,False
833,2025-02-17 17:10:55,546.0,False
833,2025-02-17 17:15:55,536.0,False
833,2025-02-17 17:20:55,536.0,False
833,2025-02-17 17:25:55,546.0,False
833,2025-02-17 17:30:56,530.0,False
833,2025-02-17 17:35:56,546.0,False
833,2025-02-17 17:40:57,534.0,False
833,2025-02-17 17:45:57,542.0,False
833,2025-02-17 17:50:57,532.0,False
833,2025-02-17 17:55:57,536.0,False
833,2025-02-17 18:00:57,552.0,False
833,2025-02-17 18:13:15,534.0,False
833,2025-02-17 18:27:59,552.0,False
833,2025-02-17 18:32:59,546.0,False
833,2025-02-17 18:37:59,548.0,False
833,2025-02-17 18:42:54,552.0,False
833,2025-02-17 18:47:54,546.0,False
833,2025-02-17 18:52:54,564.0,False
833,2025-02-17 18:57:54,544.0,False
833,2025-02-17 19:02:55,554.0,False
833,2025-02-17 19:07:55,546.0,False
833,2025-02-17 19:12:55,564.0,False
833,2025-02-17 19:17:55,554.0,False
833,2025-02-17 19:22:56,540.0,False
833,2025-02-17 19:28:02,540.0,False
833,2025-02-17 19:33:02,536.0,False
833,2025-02-17 19:38:02,540.0,False
833,2025-02-17 19:43:02,526.0,False
833,2025-02-17 19:48:03,520.0,False
833,2025-02-17 19:58:50,512.0,False
833,2025-02-17 20:03:50,494.0,False
833,2025-02-17 20:08:50,482.0,False
833,2025-02-17 20:19:15,466.0,False
833,2025-02-17 20:24:15,464.0,False
833,2025-02-17 20:29:15,446.0,False
833,2025-02-17 20:34:15,434.0,False
833,2025-02-17 20:39:16,428.0,False
833,2025-02-17 20:44:16,438.0,False
833,2025-02-17 20:49:17,428.0,False
833,2025-02-17 20:54:16,428.0,False
833,2025-02-17 20:59:16,424.0,False
833,2025-02-17 21:04:17,410.0,False
833,2025-02-17 21:09:17,406.0,False
833,2025-02-17 21:14:17,396.0,False
833,2025-02-17 21:19:17,398.0,False
833,2025-02-17 21:24:17,396.0,False
833,2025-02-17 21:37:20,394.0,False
833,2025-02-17 21:42:20,392.0,False
833,2025-02-17 21:47:20,392.0,False
833,2025-02-17 21:52:21,390.0,False
833,2025-02-17 21:57:21,388.0,False
833,2025-02-17 22:02:21,406.0,False
833,2025-02-17 22:07:21,408.0,False
833,2025-02-17 22:12:21,408.0,False
833,2025-02-17 22:17:21,414.0,False
833,2025-02-17 22:22:21,422.0,False
833,2025-02-17 22:27:22,428.0,False
833,2025-02-17 22:32:22,436.0,False
833,2025-02-17 22:37:22,440.0,False
833,2025-02-17 22:42:22,448.0,False
833,2025-02-17 22:47:22,462.0,False
833,2025-02-17 22:52:23,464.0,False
833,2025-02-17 22:57:23,472.0,False
833,2025-02-17 23:02:23,484.0,False
833,2025-02-17 23:07:23,494.0,False
833,2025-02-17 23:12:23,502.0,False
833,2025-02-17 23:17:23,518.0,False
833,2025-02-17 23:22:24,522.0,False
833,2025-02-17 23:27:24,534.0,False
833,2025-02-17 23:32:24,534.0,False
833,2025-02-17 23:37:24,552.0,False
833,2025-02-17 23:42:24,554.0,False
833,2025-02-17 23:47:24,554.0,False
833,2025-02-17 23:52:26,550.0,False
833,2025-02-17 23:57:24,550.0,False
833,2025-02-18 00:02:25,552.0,False
833,2025-02-18 00:07:26,552.0,False
833,2025-02-18 00:12:25,552.0,False
833,2025-02-18 00:17:26,550.0,False
833,2025-02-18 00:22:26,550.0,False
833,2025-02-18 00:27:26,546.0,False
833,2025-02-18 00:32:26,544.0,False
833,2025-02-18 00:37:26,536.0,False
833,2025-02-18 00:42:26,534.0,False
833,2025-02-18 00:56:36,534.0,False
833,2025-02-18 01:01:35,536.0,False
833,2025-02-18 01:06:35,536.0,False
833,2025-02-18 01:11:35,534.0,False
833,2025-02-18 01:16:36,538.0,False
833,2025-02-18 01:21:36,530.0,False
833,2025-02-18 01:26:36,528.0,False
833,2025-02-18 01:31:36,532.0,False
833,2025-02-18 01:36:36,530.0,False
833,2025-02-18 01:41:37,530.0,False
833,2025-02-18 01:46:37,530.0,False
833,2025-02-18 01:51:37,528.0,False
833,2025-02-18 02:05:02,530.0,False
833,2025-02-18 02:10:02,538.0,False
833,2025-02-18 02:15:02,532.0,False
833,2025-02-18 02:20:03,528.0,False
833,2025-02-18 02:25:03,540.0,False
833,2025-02-18 02:30:03,526.0,False
833,2025-02-18 02:40:47,526.0,False
833,2025-02-18 02:45:47,528.0,False
833,2025-02-18 02:59:47,518.0,False
833,2025-02-18 03:04:47,516.0,False
833,2025-02-18 03:09:47,520.0,False
833,2025-02-18 03:14:47,522.0,False
833,2025-02-18 03:19:47,514.0,False
833,2025-02-18 03:24:48,516.0,False
833,2025-02-18 03:29:47,512.0,False
833,2025-02-18 03:34:48,516.0,False
833,2025-02-18 03:39:48,514.0,False
833,2025-02-18 03:44:48,514.0,False
833,2025-02-18 03:49:48,512.0,False
833,2025-02-18 03:54:48,508.0,False
833,2025-02-18 03:59:48,510.0,False
833,2025-02-18 04:04:48,510.0,False
833,2025-02-18 04:09:49,504.0,False
833,2025-02-18 04:14:49,504.0,False
833,2025-02-18 04:19:49,506.0,False
833,2025-02-18 04:24:50,502.0,False
833,2025-02-18 04:29:50,500.0,False
833,2025-02-18 04:34:50,496.0,False
833,2025-02-18 04:39:50,494.0,False
833,2025-02-18 04:44:50,498.0,False
833,2025-02-18 04:49:50,492.0,False
833,2025-02-18 04:54:50,492.0,False
833,2025-02-18 04:59:50,492.0,False
833,2025-02-18 05:04:51,494.0,False
833,2025-02-18 05:09:51,492.0,False
833,2025-02-18 05:21:07,492.0,False
833,2025-02-18 05:26:08,490.0,False
833,2025-02-18 05:31:08,490.0,False
833,2025-02-18 05:36:08,488.0,False
833,2025-02-18 05:47:02,490.0,False
833,2025-02-18 05:52:02,484.0,False
833,2025-02-18 05:57:03,484.0,False
833,2025-02-18 06:02:03,482.0,False
833,2025-02-18 06:07:03,482.0,False
833,2025-02-18 06:12:03,484.0,False
833,2025-02-18 06:17:04,480.0,False
833,2025-02-18 06:22:04,484.0,False
833,2025-02-18 06:27:04,482.0,False
833,2025-02-18 06:32:04,484.0,False
833,2025-02-18 06:37:04,492.0,False
833,2025-02-18 06:42:04,496.0,False
833,2025-02-18 06:47:05,504.0,False
833,2025-02-18 06:52:05,512.0,False
833,2025-02-18 06:57:05,520.0,False
833,2025-02-18 07:02:05,528.0,False
833,2025-02-18 07:07:05,532.0,False
833,2025-02-18 07:12:05,546.0,False
833,2025-02-18 07:17:05,562.0,False
833,2025-02-18 07:22:06,568.0,False
833,2025-02-18 07:27:06,578.0,False
833,2025-02-18 07:32:06,572.0,False
833,2025-02-18 07:37:06,568.0,False
833,2025-02-18 07:42:06,572.0,False
833,2025-02-18 07:47:06,566.0,False
833,2025-02-18 07:52:07,566.0,False
833,2025-02-18 07:57:07,564.0,False
833,2025-02-18 08:10:42,562.0,False
833,2025-02-18 08:15:42,568.0,False
833,2025-02-18 08:20:42,564.0,False
833,2025-02-18 08:25:43,572.0,False
833,2025-02-18 08:30:43,568.0,False
833,2025-02-18 08:35:43,566.0,False
833,2025-02-18 08:40:43,570.0,False
833,2025-02-18 08:45:43,568.0,False
833,2025-02-18 08:50:43,558.0,False
833,2025-02-18 08:55:44,548.0,False
833,2025-02-18 09:00:44,562.0,False
833,2025-02-18 09:05:44,562.0,False
833,2025-02-18 09:10:44,548.0,False
833,2025-02-18 09:15:44,544.0,False
833,2025-02-18 09:20:44,556.0,False
833,2025-02-18 09:25:44,544.0,False
833,2025-02-18 09:30:45,546.0,False
833,2025-02-18 09:35:45,544.0,False
833,2025-02-18 09:40:45,546.0,False
833,2025-02-18 09:45:45,540.0,False
833,2025-02-18 09:59:13,534.0,False
833,2025-02-18 10:04:13,538.0,False
833,2025-02-18 10:09:13,544.0,False
833,2025-02-18 10:14:13,526.0,False
833,2025-02-18 10:19:13,526.0,False
833,2025-02-18 10:24:14,518.0,False
833,2025-02-18 10:29:14,544.0,False
833,2025-02-18 10:34:14,534.0,False
833,2025-02-18 10:39:14,536.0,False
833,2025-02-18 10:44:14,526.0,False
833,2025-02-18 10:49:15,530.0,False
833,2025-02-18 10:54:15,542.0,False
833,2025-02-18 10:59:15,534.0,False
833,2025-02-18 11:04:15,544.0,False
833,2025-02-18 11:09:15,536.0,False
833,2025-02-18 11:14:15,540.0,False
833,2025-02-18 11:19:16,550.0,False
833,2025-02-18 11:24:16,538.0,False
833,2025-02-18 11:29:16,536.0,False
833,2025-02-18 11:34:16,540.0,False
833,2025-02-18 11:39:17,542.0,False
833,2025-02-18 11:44:16,552.0,False
833,2025-02-18 11:49:17,540.0,False
833,2025-02-18 12:08:03,546.0,False
833,2025-02-18 12:13:03,556.0,False
833,2025-02-18 12:18:03,550.0,False
833,2025-02-18 12:23:03,548.0,False
833,2025-02-18 12:28:04,562.0,False
833,2025-02-18 12:33:04,564.0,False
833,2025-02-18 12:38:04,568.0,False
833,2025-02-18 12:43:04,562.0,False
833,2025-02-18 12:48:04,562.0,False
833,2025-02-18 12:53:04,568.0,False
833,2025-02-18 12:58:04,556.0,False
833,2025-02-18 13:03:04,580.0,False
833,2025-02-18 13:08:05,566.0,False
833,2025-02-18 13:18:23,576.0,False
833,2025-02-18 13:23:24,580.0,False
833,2025-02-18 13:28:23,568.0,False
833,2025-02-18 13:33:23,564.0,False
833,2025-02-18 13:38:23,548.0,False
833,2025-02-18 13:43:23,542.0,False
833,2025-02-18 13:48:24,538.0,False
833,2025-02-18 13:53:24,522.0,False
833,2025-02-18 14:14:26,490.0,False
833,2025-02-18 14:19:27,480.0,False
833,2025-02-18 14:24:27,472.0,False
833,2025-02-18 14:29:27,466.0,False
833,2025-02-18 14:34:29,452.0,False
833,2025-02-18 14:39:27,458.0,False
833,2025-02-18 14:44:27,458.0,False
833,2025-02-18 15:03:37,466.0,False
833,2025-02-18 15:08:39,470.0,False
833,2025-02-18 15:13:38,478.0,False
833,2025-02-18 15:18:38,472.0,False
833,2025-02-18 15:29:17,478.0,False
833,2025-02-18 15:34:18,478.0,False
833,2025-02-18 15:39:18,484.0,False
833,2025-02-18 15:44:18,482.0,False
833,2025-02-18 15:57:18,492.0,False
833,2025-02-18 16:02:19,504.0,False
833,2025-02-18 16:07:19,506.0,False
833,2025-02-18 16:12:20,510.0,False
833,2025-02-18 16:17:20,510.0,False
833,2025-02-18 16:29:12,512.0,False
833,2025-02-18 16:34:12,524.0,False
833,2025-02-18 16:39:12,506.0,False
833,2025-02-18 16:44:13,510.0,False
833,2025-02-18 16:49:13,496.0,False
833,2025-02-18 16:54:13,494.0,False
833,2025-02-18 16:59:14,492.0,False
833,2025-02-18 17:04:14,482.0,False
833,2025-02-18 17:09:14,490.0,False
833,2025-02-18 17:22:40,466.0,False
833,2025-02-18 17:27:40,452.0,False
833,2025-02-18 17:32:40,464.0,False
833,2025-02-18 17:37:41,446.0,False
833,2025-02-18 17:42:42,434.0,False
833,2025-02-18 17:47:41,430.0,False
833,2025-02-18 17:52:42,430.0,False
833,2025-02-18 17:57:42,428.0,False
833,2025-02-18 18:02:42,422.0,False
833,2025-02-18 18:07:42,426.0,False
833,2025-02-18 18:12:43,406.0,False
833,2025-02-18 18:17:45,414.0,False
833,2025-02-18 18:22:43,416.0,False
833,2025-02-18 18:35:24,422.0,False
833,2025-02-18 18:40:24,426.0,False
833,2025-02-18 18:45:25,430.0,False
833,2025-02-18 18:57:48,438.0,False
833,2025-02-18 19:02:49,442.0,False
833,2025-02-18 19:07:49,446.0,False
833,2025-02-18 19:12:49,444.0,False
833,2025-02-18 19:17:50,444.0,False
833,2025-02-18 19:22:50,448.0,False
833,2025-02-18 19:27:50,454.0,False
833,2025-02-18 19:32:50,460.0,False
833,2025-02-18 19:37:51,454.0,False
833,2025-02-18 19:42:51,464.0,False
833,2025-02-18 19:47:52,458.0,False
833,2025-02-18 19:52:52,460.0,False
833,2025-02-18 19:57:52,444.0,False
833,2025-02-18 20:02:52,440.0,False
833,2025-02-18 20:16:09,424.0,False
833,2025-02-18 20:21:09,416.0,False
833,2025-02-18 20:26:10,412.0,False
833,2025-02-18 20:45:29,380.0,False
833,2025-02-18 20:59:19,366.0,False
833,2025-02-18 21:15:21,356.0,False
833,2025-02-18 21:20:21,354.0,False
833,2025-02-18 21:25:22,348.0,False
833,2025-02-18 21:35:46,344.0,False
833,2025-02-18 21:48:41,336.0,False
833,2025-02-18 21:53:42,350.0,False
833,2025-02-18 22:06:01,364.0,False
833,2025-02-18 22:20:21,378.0,False
833,2025-02-18 22:25:21,384.0,False
833,2025-02-18 22:30:21,390.0,False
833,2025-02-18 22:35:22,398.0,False
833,2025-02-18 22:40:22,410.0,False
833,2025-02-18 22:45:22,414.0,False
833,2025-02-18 22:50:23,424.0,False
833,2025-02-18 22:55:28,424.0,False
833,2025-02-18 23:00:23,434.0,False
833,2025-02-18 23:05:23,438.0,False
833,2025-02-18 23:10:24,446.0,False
833,2025-02-18 23:15:26,458.0,False
833,2025-02-18 23:20:25,448.0,False
833,2025-02-18 23:25:24,454.0,False
833,2025-02-18 23:30:25,444.0,False
833,2025-02-18 23:35:25,444.0,False
833,2025-02-18 23:40:27,442.0,False
833,2025-02-18 23:45:26,442.0,False
833,2025-02-18 23:50:26,448.0,False
833,2025-02-18 23:55:27,444.0,False
833,2025-02-19 00:00:26,438.0,False
833,2025-02-19 00:05:27,442.0,False
833,2025-02-19 00:10:27,436.0,False
833,2025-02-19 00:15:27,438.0,False
833,2025-02-19 00:20:27,442.0,False
833,2025-02-19 00:25:28,440.0,False
833,2025-02-19 00:30:28,434.0,False
833,2025-02-19 00:35:28,434.0,False
833,2025-02-19 00:40:28,432.0,False
833,2025-02-19 00:45:28,432.0,False
833,2025-02-19 00:50:28,430.0,False
833,2025-02-19 00:55:29,430.0,False
833,2025-02-19 01:00:29,428.0,False
833,2025-02-19 01:05:29,426.0,False
833,2025-02-19 01:10:29,426.0,False
833,2025-02-19 01:15:29,426.0,False
833,2025-02-19 01:20:30,424.0,False
833,2025-02-19 01:25:29,424.0,False
833,2025-02-19 01:30:30,426.0,False
833,2025-02-19 01:35:30,430.0,False
833,2025-02-19 01:40:30,426.0,False
833,2025-02-19 01:51:04,422.0,False
833,2025-02-19 01:56:05,422.0,False
833,2025-02-19 02:01:06,422.0,False
833,2025-02-19 02:11:18,416.0,False
833,2025-02-19 02:16:19,414.0,False
833,2025-02-19 02:30:31,412.0,False
833,2025-02-19 02:35:31,422.0,False
833,2025-02-19 02:40:32,428.0,False
833,2025-02-19 02:45:32,434.0,False
833,2025-02-19 02:50:32,438.0,False
833,2025-02-19 02:55:32,450.0,False
833,2025-02-19 03:00:32,460.0,False
833,2025-02-19 03:11:37,478.0,False
833,2025-02-19 03:16:38,484.0,False
833,2025-02-19 03:21:37,492.0,False
833,2025-02-19 03:26:38,502.0,False
833,2025-02-19 03:31:38,512.0,False
833,2025-02-19 03:36:38,506.0,False
833,2025-02-19 03:41:38,506.0,False
833,2025-02-19 03:46:38,512.0,False
833,2025-02-19 03:51:38,514.0,False
833,2025-02-19 03:56:38,502.0,False
833,2025-02-19 04:01:38,506.0,False
833,2025-02-19 04:06:39,506.0,False
833,2025-02-19 04:11:39,496.0,False
833,2025-02-19 04:16:39,502.0,False
833,2025-02-19 04:21:39,504.0,False
833,2025-02-19 04:26:39,500.0,False
833,2025-02-19 04:31:39,494.0,False
833,2025-02-19 04:36:40,492.0,False
833,2025-02-19 04:41:39,492.0,False
833,2025-02-19 04:46:39,486.0,False
833,2025-02-19 04:51:40,484.0,False
833,2025-02-19 04:56:40,482.0,False
833,2025-02-19 05:01:40,484.0,False
833,2025-02-19 05:06:40,480.0,False
833,2025-02-19 05:17:43,476.0,False
833,2025-02-19 05:22:44,486.0,False
833,2025-02-19 05:27:44,478.0,False
833,2025-02-19 05:32:44,470.0,False
833,2025-02-19 05:37:44,472.0,False
833,2025-02-19 05:42:44,478.0,False
833,2025-02-19 05:47:44,470.0,False
833,2025-02-19 06:00:36,466.0,False
833,2025-02-19 06:05:36,464.0,False
833,2025-02-19 06:10:36,456.0,False
833,2025-02-19 06:15:36,454.0,False
833,2025-02-19 06:20:37,454.0,False
833,2025-02-19 06:30:47,450.0,False
833,2025-02-19 06:35:47,456.0,False
833,2025-02-19 06:40:47,454.0,False
833,2025-02-19 06:45:47,444.0,False
833,2025-02-19 06:50:47,444.0,False
833,2025-02-19 06:55:48,446.0,False
833,2025-02-19 07:00:48,444.0,False
833,2025-02-19 07:05:48,440.0,False
833,2025-02-19 07:10:48,442.0,False
833,2025-02-19 07:15:48,434.0,False
833,2025-02-19 07:20:48,444.0,False
833,2025-02-19 07:25:48,430.0,False
833,2025-02-19 07:38:12,424.0,False
833,2025-02-19 07:51:24,422.0,False
833,2025-02-19 07:56:25,422.0,False
833,2025-02-19 08:01:24,416.0,False
833,2025-02-19 08:06:25,420.0,False
833,2025-02-19 08:11:25,408.0,False
833,2025-02-19 08:16:25,404.0,False
833,2025-02-19 08:21:26,402.0,False
833,2025-02-19 08:26:26,410.0,False
833,2025-02-19 08:38:13,396.0,False
833,2025-02-19 08:43:13,396.0,False
833,2025-02-19 08:48:14,396.0,False
833,2025-02-19 08:53:14,400.0,False
833,2025-02-19 08:58:14,388.0,False
833,2025-02-19 09:18:20,376.0,False
833,2025-02-19 09:23:20,384.0,False
833,2025-02-19 09:28:21,372.0,False
833,2025-02-19 09:33:21,370.0,False
833,2025-02-19 09:38:21,376.0,False
833,2025-02-19 09:43:22,390.0,False
833,2025-02-19 09:48:21,376.0,False
833,2025-02-19 09:53:22,364.0,False
833,2025-02-19 09:58:22,372.0,False
833,2025-02-19 10:03:22,368.0,False
833,2025-02-19 10:08:22,376.0,False
833,2025-02-19 10:13:22,384.0,False
833,2025-02-19 10:18:22,388.0,False
833,2025-02-19 10:23:23,388.0,False
833,2025-02-19 10:28:23,392.0,False
833,2025-02-19 10:33:23,394.0,False
833,2025-02-19 10:38:23,400.0,False
833,2025-02-19 10:43:23,404.0,False
833,2025-02-19 10:48:23,410.0,False
833,2025-02-19 10:53:24,416.0,False
833,2025-02-19 11:04:53,422.0,False
833,2025-02-19 11:09:53,426.0,False
833,2025-02-19 11:14:53,430.0,False
833,2025-02-19 11:19:54,438.0,False
833,2025-02-19 11:24:54,444.0,False
833,2025-02-19 11:29:54,448.0,False
833,2025-02-19 11:34:54,454.0,False
833,2025-02-19 11:39:54,464.0,False
833,2025-02-19 11:44:55,466.0,False
833,2025-02-19 11:56:22,486.0,False
833,2025-02-19 12:01:22,498.0,False
833,2025-02-19 12:06:22,504.0,False
833,2025-02-19 12:11:22,508.0,False
833,2025-02-19 12:16:22,518.0,False
833,2025-02-19 12:26:23,538.0,False
833,2025-02-19 12:31:23,544.0,False
833,2025-02-19 12:42:25,550.0,False
833,2025-02-19 12:56:16,548.0,False
833,2025-02-19 13:19:09,566.0,False
833,2025-02-19 13:32:41,578.0,False
833,2025-02-19 13:37:41,592.0,False
833,2025-02-19 13:42:41,588.0,False
833,2025-02-19 13:47:42,592.0,False
833,2025-02-19 13:52:42,586.0,False
833,2025-02-19 13:57:42,580.0,False
833,2025-02-19 14:02:42,560.0,False
833,2025-02-19 14:07:42,568.0,False
833,2025-02-19 14:12:42,576.0,False
833,2025-02-19 14:17:42,574.0,False
833,2025-02-19 14:30:48,572.0,False
833,2025-02-19 14:35:48,566.0,False
833,2025-02-19 14:40:48,572.0,False
833,2025-02-19 14:45:48,582.0,False
833,2025-02-19 14:50:49,584.0,False
833,2025-02-19 14:55:49,588.0,False
833,2025-02-19 15:00:49,600.0,False
833,2025-02-19 15:05:49,600.0,False
833,2025-02-19 15:10:49,598.0,False
833,2025-02-19 15:15:50,610.0,False
833,2025-02-19 15:20:50,606.0,False
833,2025-02-19 15:25:51,604.0,False
833,2025-02-19 15:30:51,612.0,False
833,2025-02-19 15:35:51,624.0,False
833,2025-02-19 15:40:52,608.0,False
833,2025-02-19 15:45:52,616.0,False
833,2025-02-19 15:50:53,612.0,False
833,2025-02-19 15:55:53,614.0,False
833,2025-02-19 16:00:53,630.0,False
833,2025-02-19 16:05:54,630.0,False
833,2025-02-19 16:10:54,626.0,False
833,2025-02-19 16:15:54,626.0,False
833,2025-02-19 16:20:55,632.0,False
833,2025-02-19 16:25:55,630.0,False
833,2025-02-19 16:30:55,618.0,False
833,2025-02-19 16:35:56,612.0,False
833,2025-02-19 16:40:56,620.0,False
833,2025-02-19 16:45:56,606.0,False
833,2025-02-19 16:50:57,606.0,False
833,2025-02-19 16:55:57,602.0,False
833,2025-02-19 17:00:57,594.0,False
833,2025-02-19 17:05:57,606.0,False
833,2025-02-19 17:10:57,588.0,False
833,2025-02-19 17:15:57,574.0,False
833,2025-02-19 17:20:58,568.0,False
833,2025-02-19 17:25:58,574.0,False
833,2025-02-19 17:30:58,560.0,False
833,2025-02-19 17:35:58,554.0,False
833,2025-02-19 17:40:59,544.0,False
833,2025-02-19 17:53:03,528.0,False
833,2025-02-19 17:58:02,544.0,False
833,2025-02-19 18:03:02,550.0,False
833,2025-02-19 18:08:01,546.0,False
833,2025-02-19 18:13:04,562.0,False
833,2025-02-19 18:18:05,546.0,False
833,2025-02-19 18:23:05,550.0,False
833,2025-02-19 18:28:05,540.0,False
833,2025-02-19 18:33:05,542.0,False
833,2025-02-19 18:38:05,560.0,False
833,2025-02-19 18:43:06,542.0,False
833,2025-02-19 18:48:06,548.0,False
833,2025-02-19 18:53:07,556.0,False
833,2025-02-19 18:58:07,552.0,False
833,2025-02-19 19:03:07,558.0,False
833,2025-02-19 19:17:57,558.0,False
833,2025-02-19 19:22:57,560.0,False
833,2025-02-19 19:27:51,564.0,False
833,2025-02-19 19:32:51,564.0,False
833,2025-02-19 19:37:57,552.0,False
833,2025-02-19 19:42:57,560.0,False
833,2025-02-19 19:47:58,574.0,False
833,2025-02-19 19:52:58,560.0,False
833,2025-02-19 19:57:58,546.0,False
833,2025-02-19 20:02:59,556.0,False
833,2025-02-19 20:07:58,550.0,False
833,2025-02-19 20:12:59,534.0,False
833,2025-02-19 20:18:00,544.0,False
833,2025-02-19 20:22:59,534.0,False
833,2025-02-19 20:40:52,506.0,False
833,2025-02-19 20:45:48,502.0,False
833,2025-02-19 21:00:02,464.0,False
833,2025-02-19 21:04:50,472.0,False
833,2025-02-19 21:09:51,462.0,False
833,2025-02-19 21:14:51,446.0,False
833,2025-02-19 21:26:11,1760.0,True
833,2025-02-19 21:31:11,1748.0,True
833,2025-02-19 21:36:12,1758.0,True
833,2025-02-19 21:46:51,406.0,False
833,2025-02-19 21:51:51,400.0,False
833,2025-02-19 21:56:51,404.0,False
833,2025-02-19 22:01:52,410.0,False
833,2025-02-19 22:11:52,392.0,False
833,2025-02-19 22:16:53,386.0,False
833,2025-02-19 22:21:52,400.0,False
833,2025-02-19 22:26:53,392.0,False
833,2025-02-19 22:31:52,384.0,False
833,2025-02-19 22:36:53,388.0,False
833,2025-02-19 22:41:53,392.0,False
833,2025-02-19 22:46:53,402.0,False
833,2025-02-19 22:56:54,408.0,False
833,2025-02-19 23:01:54,418.0,False
833,2025-02-19 23:06:54,412.0,False
833,2025-02-19 23:11:55,420.0,False
833,2025-02-19 23:16:55,428.0,False
833,2025-02-19 23:21:55,436.0,False
833,2025-02-19 23:26:56,436.0,False
833,2025-02-19 23:31:56,444.0,False
833,2025-02-19 23:36:56,450.0,False
833,2025-02-19 23:41:56,464.0,False
833,2025-02-19 23:53:15,470.0,False
833,2025-02-19 23:58:15,482.0,False
833,2025-02-20 00:03:15,484.0,False
833,2025-02-20 00:08:15,486.0,False
833,2025-02-20 00:13:16,498.0,False
833,2025-02-20 00:18:16,504.0,False
833,2025-02-20 00:23:16,500.0,False
833,2025-02-20 00:28:16,502.0,False
833,2025-02-20 00:33:16,498.0,False
833,2025-02-20 00:48:06,500.0,False
833,2025-02-20 00:53:06,498.0,False
833,2025-02-20 00:58:07,496.0,False
833,2025-02-20 01:03:07,492.0,False
833,2025-02-20 01:08:07,494.0,False
833,2025-02-20 01:13:07,494.0,False
833,2025-02-20 01:18:08,492.0,False
833,2025-02-20 01:23:08,492.0,False
833,2025-02-20 01:28:08,498.0,False
833,2025-02-20 01:33:08,1882.0,True
833,2025-02-20 01:51:34,1834.0,True
833,2025-02-20 01:56:34,1828.0,True
833,2025-02-20 02:01:34,1878.0,True
833,2025-02-20 02:06:34,1880.0,True
833,2025-02-20 02:11:35,1830.0,True
833,2025-02-20 02:25:05,1832.0,True
833,2025-02-20 02:30:06,1840.0,True
833,2025-02-20 02:35:06,1838.0,True
833,2025-02-20 02:40:06,1840.0,True
833,2025-02-20 02:54:36,1850.0,True
833,2025-02-20 02:59:36,1848.0,True
833,2025-02-20 03:27:08,1818.0,True
833,2025-02-20 03:32:09,1830.0,True
833,2025-02-20 03:37:08,1830.0,True
833,2025-02-20 03:42:08,1804.0,True
833,2025-02-20 03:55:37,458.0,False
833,2025-02-20 04:00:37,462.0,False
833,2025-02-20 04:05:37,456.0,False
833,2025-02-20 04:10:38,450.0,False
833,2025-02-20 04:15:38,454.0,False
833,2025-02-20 04:20:38,452.0,False
833,2025-02-20 04:25:38,446.0,False
833,2025-02-20 04:30:38,444.0,False
833,2025-02-20 04:35:38,450.0,False
833,2025-02-20 04:40:39,448.0,False
833,2025-02-20 04:45:39,442.0,False
833,2025-02-20 04:50:39,446.0,False
833,2025-02-20 04:55:40,434.0,False
833,2025-02-20 05:00:40,442.0,False
833,2025-02-20 05:05:40,432.0,False
833,2025-02-20 05:10:41,430.0,False
833,2025-02-20 05:15:40,428.0,False
833,2025-02-20 05:20:41,426.0,False
833,2025-02-20 05:25:41,426.0,False
833,2025-02-20 05:30:41,434.0,False
833,2025-02-20 05:35:41,434.0,False
833,2025-02-20 05:40:41,432.0,False
833,2025-02-20 05:45:41,430.0,False
833,2025-02-20 05:59:24,420.0,False
833,2025-02-20 06:04:24,420.0,False
833,2025-02-20 06:09:25,410.0,False
833,2025-02-20 06:14:24,412.0,False
833,2025-02-20 06:19:25,418.0,False
833,2025-02-20 06:24:25,408.0,False
833,2025-02-20 06:29:25,412.0,False
833,2025-02-20 06:34:25,402.0,False
833,2025-02-20 06:39:25,398.0,False
833,2025-02-20 06:44:25,402.0,False
833,2025-02-20 06:49:26,412.0,False
833,2025-02-20 06:54:26,394.0,False
833,2025-02-20 06:59:26,396.0,False
833,2025-02-20 07:11:32,392.0,False
833,2025-02-20 07:16:32,390.0,False
833,2025-02-20 07:21:31,390.0,False
833,2025-02-20 07:26:31,382.0,False
833,2025-02-20 07:31:31,386.0,False
833,2025-02-20 07:36:31,382.0,False
833,2025-02-20 07:41:30,386.0,False
833,2025-02-20 07:46:30,380.0,False
833,2025-02-20 07:51:30,382.0,False
833,2025-02-20 07:56:30,380.0,False
833,2025-02-20 08:01:31,378.0,False
833,2025-02-20 08:06:31,368.0,False
833,2025-02-20 08:11:31,364.0,False
833,2025-02-20 08:16:31,366.0,False
833,2025-02-20 08:21:31,360.0,False
833,2025-02-20 08:26:31,366.0,False
833,2025-02-20 08:31:32,358.0,False
833,2025-02-20 08:36:32,360.0,False
833,2025-02-20 08:41:38,360.0,False
833,2025-02-20 08:46:38,378.0,False
833,2025-02-20 08:51:38,378.0,False
833,2025-02-20 08:56:38,382.0,False
833,2025-02-20 09:01:39,398.0,False
833,2025-02-20 09:16:16,416.0,False
833,2025-02-20 09:21:16,414.0,False
833,2025-02-20 09:26:17,420.0,False
833,2025-02-20 09:31:17,418.0,False
833,2025-02-20 09:36:17,430.0,False
833,2025-02-20 09:41:18,434.0,False
833,2025-02-20 09:46:18,440.0,False
833,2025-02-20 09:51:18,440.0,False
833,2025-02-20 09:56:19,446.0,False
833,2025-02-20 10:01:18,450.0,False
833,2025-02-20 10:06:18,452.0,False
833,2025-02-20 10:11:19,462.0,False
833,2025-02-20 10:24:41,476.0,False
833,2025-02-20 10:29:41,478.0,False
833,2025-02-20 10:34:42,478.0,False
833,2025-02-20 10:39:41,478.0,False
833,2025-02-20 10:44:42,486.0,False
833,2025-02-20 10:49:42,478.0,False
833,2025-02-20 10:54:42,470.0,False
833,2025-02-20 10:59:42,466.0,False
833,2025-02-20 11:04:43,456.0,False
833,2025-02-20 11:09:43,448.0,False
833,2025-02-20 11:19:53,444.0,False
833,2025-02-20 11:24:53,424.0,False
833,2025-02-20 11:29:54,420.0,False
833,2025-02-20 11:34:54,416.0,False
833,2025-02-20 11:39:54,410.0,False
833,2025-02-20 11:44:54,406.0,False
833,2025-02-20 11:49:55,402.0,False
833,2025-02-20 11:54:55,404.0,False
833,2025-02-20 11:59:55,398.0,False
833,2025-02-20 12:04:55,414.0,False
833,2025-02-20 12:09:57,396.0,False
833,2025-02-20 12:14:56,398.0,False
833,2025-02-20 12:19:56,404.0,False
833,2025-02-20 12:24:56,400.0,False
833,2025-02-20 12:29:56,416.0,False
833,2025-02-20 12:34:58,410.0,False
833,2025-02-20 12:39:57,426.0,False
833,2025-02-20 12:44:57,424.0,False
833,2025-02-20 12:49:57,434.0,False
833,2025-02-20 12:54:57,444.0,False
833,2025-02-20 12:59:57,452.0,False
833,2025-02-20 13:04:57,454.0,False
833,2025-02-20 13:09:59,462.0,False
833,2025-02-20 13:14:58,468.0,False
833,2025-02-20 13:19:58,470.0,False
833,2025-02-20 13:24:58,482.0,False
833,2025-02-20 13:29:58,484.0,False
833,2025-02-20 13:34:59,494.0,False
833,2025-02-20 13:39:59,502.0,False
833,2025-02-20 13:44:59,510.0,False
833,2025-02-20 13:49:59,516.0,False
833,2025-02-20 13:54:59,524.0,False
833,2025-02-20 13:59:59,526.0,False
833,2025-02-20 14:04:59,532.0,False
833,2025-02-20 14:10:00,540.0,False
833,2025-02-20 14:15:00,548.0,False
833,2025-02-20 14:20:00,558.0,False
833,2025-02-20 14:25:00,562.0,False
833,2025-02-20 14:30:00,566.0,False
833,2025-02-20 14:35:00,582.0,False
833,2025-02-20 14:40:00,586.0,False
833,2025-02-20 14:45:01,602.0,False
833,2025-02-20 14:50:01,602.0,False
833,2025-02-20 14:55:01,590.0,False
833,2025-02-20 15:00:01,582.0,False
833,2025-02-20 15:05:02,586.0,False
833,2025-02-20 15:10:02,582.0,False
833,2025-02-20 15:15:02,578.0,False
833,2025-02-20 15:20:02,574.0,False
833,2025-02-20 15:25:03,570.0,False
833,2025-02-20 15:30:03,564.0,False
833,2025-02-20 15:35:03,560.0,False
833,2025-02-20 15:40:04,566.0,False
833,2025-02-20 15:45:04,566.0,False
833,2025-02-20 15:50:04,554.0,False
833,2025-02-20 15:55:05,550.0,False
833,2025-02-20 16:00:04,598.0,False
833,2025-02-20 16:05:03,1992.0,True
833,2025-02-20 16:15:53,532.0,False
833,2025-02-20 16:20:54,554.0,False
833,2025-02-20 16:25:54,558.0,False
833,2025-02-20 16:30:54,546.0,False
833,2025-02-20 16:41:03,538.0,False
833,2025-02-20 16:46:03,526.0,False
833,2025-02-20 16:50:57,522.0,False
833,2025-02-20 16:56:03,530.0,False
833,2025-02-20 17:01:03,534.0,False
833,2025-02-20 17:06:04,540.0,False
833,2025-02-20 17:11:04,552.0,False
833,2025-02-20 17:16:04,564.0,False
833,2025-02-20 17:21:05,564.0,False
833,2025-02-20 17:26:04,556.0,False
833,2025-02-20 17:31:05,556.0,False
833,2025-02-20 17:36:05,600.0,False
833,2025-02-20 17:41:05,586.0,False
833,2025-02-20 17:46:05,568.0,False
833,2025-02-20 17:57:47,578.0,False
833,2025-02-20 18:02:48,582.0,False
833,2025-02-20 18:07:48,582.0,False
833,2025-02-20 18:20:19,588.0,False
833,2025-02-20 18:25:21,596.0,False
833,2025-02-20 18:30:20,596.0,False
833,2025-02-20 18:35:21,600.0,False
833,2025-02-20 18:40:21,604.0,False
833,2025-02-20 18:45:21,606.0,False
833,2025-02-20 18:50:21,598.0,False
833,2025-02-20 19:00:35,592.0,False
833,2025-02-20 19:05:35,588.0,False
833,2025-02-20 19:10:35,584.0,False
833,2025-02-20 19:15:36,574.0,False
833,2025-02-20 19:20:36,564.0,False
833,2025-02-20 19:25:36,558.0,False
833,2025-02-20 19:30:36,562.0,False
833,2025-02-20 19:35:36,552.0,False
833,2025-02-20 19:47:11,548.0,False
833,2025-02-20 19:52:11,538.0,False
833,2025-02-20 19:57:11,536.0,False
833,2025-02-20 20:02:11,540.0,False
833,2025-02-20 20:07:11,526.0,False
833,2025-02-20 20:12:12,524.0,False
833,2025-02-20 20:17:12,512.0,False
833,2025-02-20 20:22:12,510.0,False
833,2025-02-20 20:27:12,504.0,False
833,2025-02-20 20:32:12,508.0,False
833,2025-02-20 20:37:12,1880.0,True
833,2025-02-20 20:42:14,1870.0,True
833,2025-02-20 20:47:13,1856.0,True
833,2025-02-20 20:52:13,1842.0,True
833,2025-02-20 20:57:13,1826.0,True
833,2025-02-20 21:02:13,1818.0,True
833,2025-02-20 21:07:14,1806.0,True
833,2025-02-20 21:17:45,1802.0,True
833,2025-02-20 21:22:45,1824.0,True
833,2025-02-20 21:27:46,1828.0,True
833,2025-02-20 21:32:46,1830.0,True
833,2025-02-20 21:37:46,1794.0,True
833,2025-02-20 21:42:46,1846.0,True
833,2025-02-20 21:47:46,1860.0,True
833,2025-02-20 21:52:46,1850.0,True
833,2025-02-20 21:57:47,1864.0,True
833,2025-02-20 22:02:47,1870.0,True
833,2025-02-20 22:07:47,1858.0,True
833,2025-02-20 22:12:47,1834.0,True
833,2025-02-20 22:26:26,502.0,False
833,2025-02-20 22:31:27,504.0,False
833,2025-02-20 22:36:26,508.0,False
833,2025-02-20 22:41:26,506.0,False
833,2025-02-20 22:46:26,514.0,False
833,2025-02-20 22:51:27,512.0,False
833,2025-02-20 22:56:27,1892.0,True
833,2025-02-20 23:01:27,1882.0,True
833,2025-02-20 23:06:27,1838.0,True
833,2025-02-20 23:11:27,1826.0,True
833,2025-02-20 23:16:27,1826.0,True
833,2025-02-20 23:21:27,1866.0,True
833,2025-02-20 23:26:27,1858.0,True
833,2025-02-20 23:31:28,1850.0,True
833,2025-02-20 23:36:28,1842.0,True
833,2025-02-20 23:41:28,1792.0,True
833,2025-02-21 00:04:46,460.0,False
833,2025-02-21 00:09:46,1770.0,True
833,2025-02-21 00:22:19,442.0,False
833,2025-02-21 00:27:19,1750.0,True
833,2025-02-21 00:32:19,432.0,False
833,2025-02-21 00:37:19,432.0,False
833,2025-02-21 00:42:21,1506.0,True
833,2025-02-21 00:47:20,1730.0,True
833,2025-02-21 00:52:20,1734.0,True
833,2025-02-21 00:57:20,1734.0,True
833,2025-02-21 01:02:20,1728.0,True
833,2025-02-21 01:07:20,1728.0,True
833,2025-02-21 01:12:20,1728.0,True
833,2025-02-21 01:17:20,1726.0,True
833,2025-02-21 01:22:21,1726.0,True
833,2025-02-21 01:36:42,1726.0,True
833,2025-02-21 01:41:43,1726.0,True
833,2025-02-21 01:53:07,1726.0,True
833,2025-02-21 01:58:07,1724.0,True
833,2025-02-21 02:03:07,1724.0,True
833,2025-02-21 02:08:08,1724.0,True
833,2025-02-21 02:13:08,1724.0,True
833,2025-02-21 02:18:08,1724.0,True
833,2025-02-21 02:23:08,424.0,False
833,2025-02-21 02:28:08,428.0,False
833,2025-02-21 02:33:08,432.0,False
833,2025-02-21 02:44:49,1756.0,True
833,2025-02-21 02:56:18,466.0,False
833,2025-02-21 03:01:19,480.0,False
833,2025-02-21 03:06:18,482.0,False
833,2025-02-21 03:11:18,492.0,False
833,2025-02-21 03:16:19,502.0,False
833,2025-02-21 03:21:19,512.0,False
833,2025-02-21 03:26:19,520.0,False
833,2025-02-21 03:31:19,528.0,False
833,2025-02-21 03:36:19,526.0,False
833,2025-02-21 03:41:20,526.0,False
833,2025-02-21 03:46:20,526.0,False
833,2025-02-21 03:51:20,526.0,False
833,2025-02-21 03:56:20,526.0,False
833,2025-02-21 04:01:21,526.0,False
833,2025-02-21 04:06:20,526.0,False
833,2025-02-21 04:11:21,526.0,False
833,2025-02-21 04:16:21,530.0,False
833,2025-02-21 04:21:21,524.0,False
833,2025-02-21 04:26:21,524.0,False
833,2025-02-21 04:31:21,524.0,False
833,2025-02-21 04:36:22,524.0,False
833,2025-02-21 04:41:22,524.0,False
833,2025-02-21 04:52:45,518.0,False
833,2025-02-21 04:57:46,518.0,False
833,2025-02-21 05:02:48,518.0,False
833,2025-02-21 05:07:46,518.0,False
833,2025-02-21 05:12:46,516.0,False
833,2025-02-21 05:17:47,516.0,False
833,2025-02-21 05:22:47,516.0,False
833,2025-02-21 05:27:47,516.0,False
833,2025-02-21 05:32:48,516.0,False
833,2025-02-21 05:37:47,514.0,False
833,2025-02-21 05:42:47,518.0,False
833,2025-02-21 05:47:48,514.0,False
833,2025-02-21 05:52:48,514.0,False
833,2025-02-21 05:57:48,512.0,False
833,2025-02-21 06:02:48,516.0,False
833,2025-02-21 06:07:48,512.0,False
833,2025-02-21 06:12:49,516.0,False
833,2025-02-21 06:17:49,514.0,False
833,2025-02-21 06:22:49,514.0,False
833,2025-02-21 06:27:49,514.0,False
833,2025-02-21 06:32:49,1900.0,True
833,2025-02-21 06:37:50,1898.0,True
833,2025-02-21 06:42:50,1906.0,True
833,2025-02-21 06:47:50,1906.0,True
833,2025-02-21 06:52:51,1894.0,True
833,2025-02-21 06:57:46,1898.0,True
833,2025-02-21 07:02:46,1892.0,True
833,2025-02-21 07:07:46,1896.0,True
833,2025-02-21 07:12:52,1894.0,True
833,2025-02-21 07:17:52,1896.0,True
833,2025-02-21 07:22:52,1896.0,True
833,2025-02-21 07:27:52,1886.0,True
833,2025-02-21 07:32:52,1884.0,True
833,2025-02-21 07:37:52,1882.0,True
833,2025-02-21 07:42:52,1890.0,True
833,2025-02-21 07:47:53,1888.0,True
833,2025-02-21 07:52:53,1882.0,True
833,2025-02-21 07:57:53,1882.0,True
833,2025-02-21 08:02:54,1876.0,True
833,2025-02-21 08:07:54,1882.0,True
833,2025-02-21 08:12:54,1850.0,True
833,2025-02-21 08:17:54,1848.0,True
833,2025-02-21 08:28:44,1868.0,True
833,2025-02-21 08:33:44,1896.0,True
833,2025-02-21 08:38:44,1890.0,True
833,2025-02-21 08:43:44,1866.0,True
833,2025-02-21 08:48:45,1880.0,True
833,2025-02-21 09:00:09,1862.0,True
833,2025-02-21 09:05:09,1862.0,True
833,2025-02-21 09:10:09,1868.0,True
833,2025-02-21 09:15:10,1864.0,True
833,2025-02-21 09:20:10,1844.0,True
833,2025-02-21 09:30:12,1854.0,True
833,2025-02-21 09:35:12,1860.0,True
833,2025-02-21 09:40:12,1848.0,True
833,2025-02-21 09:45:12,1824.0,True
833,2025-02-21 09:50:13,1898.0,True
833,2025-02-21 10:03:18,486.0,False
833,2025-02-21 10:08:18,476.0,False
833,2025-02-21 10:13:19,482.0,False
833,2025-02-21 10:18:19,498.0,False
833,2025-02-21 10:23:19,494.0,False
833,2025-02-21 10:28:19,496.0,False
833,2025-02-21 10:33:19,490.0,False
833,2025-02-21 10:38:20,504.0,False
833,2025-02-21 10:43:20,492.0,False
833,2025-02-21 10:48:20,498.0,False
